{
  "quarter": "Q1 FY2026",
  "period": "April - June 2025",
  "report_date": "July 25, 2025",
  "consolidated": {
    "revenue": {
      "q1_fy2026": 35451,
      "q1_fy2025": 31480,
      "growth_percent": 13,
      "unit": "crores"
    },
    "pat": {
      "q1_fy2026": 2789,
      "q1_fy2025": 2138,
      "growth_percent": 30,
      "unit": "crores",
      "note": "All-time high quarterly PAT"
    }
  },
  "bajaj_finance": {
    "gnpa": {
      "q1_fy2026": 1.03,
      "q1_fy2025": 0.86,
      "change": 0.17,
      "unit": "percent"
    },
    "nnpa": {
      "q1_fy2026": 0.5,
      "q1_fy2025": 0.38,
      "unit": "percent"
    },
    "aum": {
      "q1_fy2026": 441450,
      "growth_percent": 25,
      "unit": "crores"
    },
    "pat": {
      "q1_fy2026": 4765,
      "q1_fy2025": 3912,
      "growth_percent": 22,
      "unit": "crores"
    }
  },
  "bajaj_housing": {
    "gnpa": {
      "q1_fy2026": 0.3,
      "q1_fy2025": 0.28,
      "unit": "percent"
    },
    "nnpa": {
      "q1_fy2026": 0.13,
      "unit": "percent"
    },
    "aum": {
      "q1_fy2026": 120420,
      "growth_percent": 24,
      "unit": "crores"
    }
  },
  "bagic": {
    "name": "Bajaj Allianz General Insurance",
    "gwp": {
      "q1_fy2026": 5202,
      "q1_fy2025": 4761,
      "growth_percent": 9,
      "unit": "crores"
    },
    "combined_ratio": 103.6,
    "roe": 21.4,
    "solvency": 334
  },
  "balic": {
    "name": "Bajaj Allianz Life Insurance",
    "vnb": {
      "q1_fy2026": 145,
      "q1_fy2025": 104,
      "growth_percent": 39,
      "unit": "crores"
    },
    "nbm": {
      "q1_fy2026": 11.1,
      "q1_fy2025": 6.9,
      "unit": "percent"
    },
    "pat": {
      "q1_fy2026": 171,
      "q1_fy2025": 97,
      "growth_percent": 76,
      "unit": "crores"
    }
  }
}